Artikel,Kategorie
Apfel,Obst
Zwiebel,Gemüse
Apfelsaft,Getränke
Sahne,Milchprodukte
Kuchen,Backwaren
Leberwurst,Fleisch & Wurst
Eiscreme,Tiefkühl
Bonbons,Süßwaren
Waschmittel,Haushalt
Glühbirne,Sonstiges
Mango,Obst
Zucchini,Gemüse
Apfelsaft,Getränke
Butter,Milchprodukte
Brot,Backwaren
Hackfleisch,Fleisch & Wurst
TK-Pizza,Tiefkühl
Kaugummi,Süßwaren
Spülmittel,Haushalt
Batterien,Sonstiges
Traube,Obst
Karotte,Gemüse
Milch,Getränke
Quark,Milchprodukte
Toast,Backwaren
Salami,Fleisch & Wurst
Eiscreme,Tiefkühl
Schokolade,Süßwaren
Küchenrolle,Haushalt
Kerzen,Sonstiges
Ananas,Obst
Knoblauch,Gemüse
Apfelsaft,Getränke
Butter,Milchprodukte
Baguette,Backwaren
Bratwurst,Fleisch & Wurst
TK-Fischstäbchen,Tiefkühl
Gummibärchen,Süßwaren
Toilettenpapier,Haushalt
Alufolie,Sonstiges
Traube,Obst
Spinat,Gemüse
Wein,Getränke
Buttermilch,Milchprodukte
Croissant,Backwaren
Bratwurst,Fleisch & Wurst
TK-Gemüse,Tiefkühl
Pralinen,Süßwaren
Toilettenpapier,Haushalt
Batterien,Sonstiges
Ananas,Obst
Spinat,Gemüse
Kaffee,Getränke
Butter,Milchprodukte
Laugenbrezel,Backwaren
Wiener,Fleisch & Wurst
TK-Gemüse,Tiefkühl
Gummibärchen,Süßwaren
Müllbeutel,Haushalt
Batterien,Sonstiges
Traube,Obst
Tomate,Gemüse
Tee,Getränke
Käse,Milchprodukte
Laugenbrezel,Backwaren
Salami,Fleisch & Wurst
Eiscreme,Tiefkühl
Gummibärchen,Süßwaren
Waschmittel,Haushalt
Kerzen,Sonstiges
Traube,Obst
Knoblauch,Gemüse
Cola,Getränke
Milch,Milchprodukte
Kuchen,Backwaren
Hackfleisch,Fleisch & Wurst
Eiscreme,Tiefkühl
Pralinen,Süßwaren
Toilettenpapier,Haushalt
Kerzen,Sonstiges
Apfel,Obst
Karotte,Gemüse
Apfelsaft,Getränke
Milch,Milchprodukte
Toast,Backwaren
Schinken,Fleisch & Wurst
TK-Beeren,Tiefkühl
Kaugummi,Süßwaren
Müllbeutel,Haushalt
Batterien,Sonstiges
Zitrone,Obst
Paprika,Gemüse
Kaffee,Getränke
Joghurt,Milchprodukte
Brötchen,Backwaren
Bratwurst,Fleisch & Wurst
Eiscreme,Tiefkühl
Pralinen,Süßwaren
Küchenrolle,Haushalt
Alufolie,Sonstiges
Orange,Obst
Paprika,Gemüse
Orangensaft,Getränke
Sahne,Milchprodukte
Laugenbrezel,Backwaren
Hackfleisch,Fleisch & Wurst
TK-Pommes,Tiefkühl
Bonbons,Süßwaren
Müllbeutel,Haushalt
Alufolie,Sonstiges
Apfel,Obst
Knoblauch,Gemüse
Milch,Getränke
Milch,Milchprodukte
Brötchen,Backwaren
Bratwurst,Fleisch & Wurst
Eiscreme,Tiefkühl
Kaugummi,Süßwaren
Spülmittel,Haushalt
Feuerzeug,Sonstiges
Orange,Obst
Salat,Gemüse
Bier,Getränke
Butter,Milchprodukte
Brötchen,Backwaren
Hackfleisch,Fleisch & Wurst
TK-Pommes,Tiefkühl
Kekse,Süßwaren
Waschmittel,Haushalt
Alufolie,Sonstiges
Apfel,Obst
Karotte,Gemüse
Mineralwasser,Getränke
Sahne,Milchprodukte
Brot,Backwaren
Salami,Fleisch & Wurst
TK-Gemüse,Tiefkühl
Pralinen,Süßwaren
Spülmittel,Haushalt
Glühbirne,Sonstiges
Banane,Obst
Zwiebel,Gemüse
Milch,Getränke
Butter,Milchprodukte
Laugenbrezel,Backwaren
Leberwurst,Fleisch & Wurst
TK-Pizza,Tiefkühl
Gummibärchen,Süßwaren
Waschmittel,Haushalt
Feuerzeug,Sonstiges
Kiwi,Obst
Zucchini,Gemüse
Orangensaft,Getränke
Frischkäse,Milchprodukte
Brot,Backwaren
Leberwurst,Fleisch & Wurst
TK-Gemüse,Tiefkühl
Gummibärchen,Süßwaren
Toilettenpapier,Haushalt
Glühbirne,Sonstiges
Pfirsich,Obst
Zucchini,Gemüse
Wein,Getränke
Sahne,Milchprodukte
Croissant,Backwaren
Hackfleisch,Fleisch & Wurst
TK-Fischstäbchen,Tiefkühl
Schokolade,Süßwaren
Spülmittel,Haushalt
Alufolie,Sonstiges
Ananas,Obst
Salat,Gemüse
Apfelsaft,Getränke
Käse,Milchprodukte
Toast,Backwaren
Salami,Fleisch & Wurst
TK-Pommes,Tiefkühl
Gummibärchen,Süßwaren
Küchenrolle,Haushalt
Alufolie,Sonstiges
Mango,Obst
Salat,Gemüse
Cola,Getränke
Sahne,Milchprodukte
Brötchen,Backwaren
Leberwurst,Fleisch & Wurst
TK-Beeren,Tiefkühl
Kaugummi,Süßwaren
Müllbeutel,Haushalt
Batterien,Sonstiges
Orange,Obst
Brokkoli,Gemüse
Milch,Getränke
Butter,Milchprodukte
Brötchen,Backwaren
Leberwurst,Fleisch & Wurst
TK-Fischstäbchen,Tiefkühl
Schokolade,Süßwaren
Toilettenpapier,Haushalt
Batterien,Sonstiges
Ananas,Obst
Salat,Gemüse
Eistee,Getränke
Butter,Milchprodukte
Kuchen,Backwaren
Wiener,Fleisch & Wurst
TK-Fischstäbchen,Tiefkühl
Kekse,Süßwaren
Waschmittel,Haushalt
Alufolie,Sonstiges
Banane,Obst
Karotte,Gemüse
Milch,Getränke
Käse,Milchprodukte
Brot,Backwaren
Salami,Fleisch & Wurst
TK-Beeren,Tiefkühl
Kekse,Süßwaren
Küchenrolle,Haushalt
Kerzen,Sonstiges
Birne,Obst
Tomate,Gemüse
Milch,Getränke
Butter,Milchprodukte
Kuchen,Backwaren
Leberwurst,Fleisch & Wurst
Eiscreme,Tiefkühl
Kekse,Süßwaren
Müllbeutel,Haushalt
Alufolie,Sonstiges
Kiwi,Obst
Karotte,Gemüse
Bier,Getränke
Butter,Milchprodukte
Toast,Backwaren
Leberwurst,Fleisch & Wurst
Eiscreme,Tiefkühl
Gummibärchen,Süßwaren
Toilettenpapier,Haushalt
Alufolie,Sonstiges
Banane,Obst
Gurke,Gemüse
Orangensaft,Getränke
Frischkäse,Milchprodukte
Kuchen,Backwaren
Bratwurst,Fleisch & Wurst
TK-Pizza,Tiefkühl
Kekse,Süßwaren
Toilettenpapier,Haushalt
Kerzen,Sonstiges
Zitrone,Obst
Knoblauch,Gemüse
Wein,Getränke
Milch,Milchprodukte
Kuchen,Backwaren
Schinken,Fleisch & Wurst
TK-Pizza,Tiefkühl
Gummibärchen,Süßwaren
Toilettenpapier,Haushalt
Batterien,Sonstiges
Mango,Obst
Paprika,Gemüse
Wein,Getränke
Frischkäse,Milchprodukte
Kuchen,Backwaren
Bratwurst,Fleisch & Wurst
TK-Gemüse,Tiefkühl
Kekse,Süßwaren
Toilettenpapier,Haushalt
Batterien,Sonstiges
Ananas,Obst
Spinat,Gemüse
Cola,Getränke
Milch,Milchprodukte
Croissant,Backwaren
Bratwurst,Fleisch & Wurst
TK-Pommes,Tiefkühl
Kaugummi,Süßwaren
Küchenrolle,Haushalt
Feuerzeug,Sonstiges
Orange,Obst
Salat,Gemüse
Tee,Getränke
Milch,Milchprodukte
Baguette,Backwaren
Wiener,Fleisch & Wurst
Eiscreme,Tiefkühl
Schokolade,Süßwaren
Müllbeutel,Haushalt
Batterien,Sonstiges
Ananas,Obst
Gurke,Gemüse
Eistee,Getränke
Milch,Milchprodukte
Croissant,Backwaren
Salami,Fleisch & Wurst
TK-Pizza,Tiefkühl
Schokolade,Süßwaren
Müllbeutel,Haushalt
Feuerzeug,Sonstiges
Kiwi,Obst
Tomate,Gemüse
Eistee,Getränke
Butter,Milchprodukte
Croissant,Backwaren
Wiener,Fleisch & Wurst
TK-Gemüse,Tiefkühl
Pralinen,Süßwaren
Müllbeutel,Haushalt
Kerzen,Sonstiges
Pfirsich,Obst
Salat,Gemüse
Orangensaft,Getränke
Butter,Milchprodukte
Baguette,Backwaren
Bratwurst,Fleisch & Wurst
TK-Gemüse,Tiefkühl
Schokolade,Süßwaren
Spülmittel,Haushalt
Alufolie,Sonstiges
Apfel,Obst
Salat,Gemüse
Cola,Getränke
Sahne,Milchprodukte
Laugenbrezel,Backwaren
Schinken,Fleisch & Wurst
TK-Pommes,Tiefkühl
Gummibärchen,Süßwaren
Müllbeutel,Haushalt
Kerzen,Sonstiges
Birne,Obst
Brokkoli,Gemüse
Eistee,Getränke
Sahne,Milchprodukte
Brot,Backwaren
Hähnchenbrust,Fleisch & Wurst
TK-Gemüse,Tiefkühl
Gummibärchen,Süßwaren
Spülmittel,Haushalt
Batterien,Sonstiges
Birne,Obst
Spinat,Gemüse
Tee,Getränke
Milch,Milchprodukte
Kuchen,Backwaren
Schinken,Fleisch & Wurst
Eiscreme,Tiefkühl
Kaugummi,Süßwaren
Küchenrolle,Haushalt
Alufolie,Sonstiges
Apfel,Obst
Brokkoli,Gemüse
Apfelsaft,Getränke
Frischkäse,Milchprodukte
Croissant,Backwaren
Bratwurst,Fleisch & Wurst
Eiscreme,Tiefkühl
Schokolade,Süßwaren
Toilettenpapier,Haushalt
Batterien,Sonstiges
Pfirsich,Obst
Salat,Gemüse
Apfelsaft,Getränke
Quark,Milchprodukte
Croissant,Backwaren
Hackfleisch,Fleisch & Wurst
TK-Fischstäbchen,Tiefkühl
Kekse,Süßwaren
Spülmittel,Haushalt
Feuerzeug,Sonstiges
Zitrone,Obst
Zucchini,Gemüse
Milch,Getränke
Butter,Milchprodukte
Croissant,Backwaren
Schinken,Fleisch & Wurst
TK-Gemüse,Tiefkühl
Schokolade,Süßwaren
Müllbeutel,Haushalt
Batterien,Sonstiges
Kiwi,Obst
Paprika,Gemüse
Bier,Getränke
Butter,Milchprodukte
Toast,Backwaren
Hähnchenbrust,Fleisch & Wurst
TK-Pizza,Tiefkühl
Gummibärchen,Süßwaren
Spülmittel,Haushalt
Feuerzeug,Sonstiges
Pfirsich,Obst
Zucchini,Gemüse
Wein,Getränke
Milch,Milchprodukte
Croissant,Backwaren
Hähnchenbrust,Fleisch & Wurst
TK-Beeren,Tiefkühl
Gummibärchen,Süßwaren
Spülmittel,Haushalt
Batterien,Sonstiges
Pfirsich,Obst
Tomate,Gemüse
Apfelsaft,Getränke
Sahne,Milchprodukte
Croissant,Backwaren
Hackfleisch,Fleisch & Wurst
Eiscreme,Tiefkühl
Gummibärchen,Süßwaren
Waschmittel,Haushalt
Kerzen,Sonstiges
Ananas,Obst
Gurke,Gemüse
Apfelsaft,Getränke
Buttermilch,Milchprodukte
Baguette,Backwaren
Salami,Fleisch & Wurst
Eiscreme,Tiefkühl
Schokolade,Süßwaren
Spülmittel,Haushalt
Batterien,Sonstiges
Article, Category
Apple, Fruit
Onion, Vegetables
Apple Juice, Beverages
Cream, Dairy Products
Cakes, Baked Goods
Liverwurst, Meat & Sausage
Ice Cream, Frozen
Candy, Confectionery
Laundry Detergent, Household
Light Bulb, Other
Mango, Fruit
Zucchini, Vegetables
Apple Juice, Beverages
Butter, Dairy Products
Bread, Baked Goods
Ground Beef, Meat & Sausage
Frozen Pizza, Frozen
Chewing Gum, Confectionery
Dishwashing Liquid, Household
Batteries, Other
Grape, Fruit
Carrot, Vegetables
Milk, Beverages
Quark, Dairy Products
Toast, Baked Goods
Salami, Meat & Sausage
Ice cream, frozen
Chocolate, sweets
Kitchen roll, household
Candles, other
Pineapple, fruit
Garlic, vegetables
Apple juice, drinks
Butter, dairy products
Baguette, baked goods
Bratwurst, meat & sausage
Frozen fish sticks, frozen
Gummy bears, sweets
Toilet paper, household
Aluminum foil, other
Grapes, fruit
Spinach, vegetables
Wine, drinks
Buttermilk, dairy products
Croissant, baked goods
Bratwurst, meat & Sausage
Frozen Vegetables, Frozen
Chocolates, Sweets
Toilet Paper, Household Items
Batteries, Other
Pineapple, Fruit
Spinach, Vegetables
Coffee, Beverages
Butter, Dairy Products
Pretzels, Baked Goods
Wieners, Meat & Sausage
Frozen Vegetables, Frozen
Gummy Bears, Sweets
Trash Bags, Household Items
Batteries, Other
Grapes, Fruit
Tomatoes, Vegetables
Tea, Beverages
Cheese, Dairy Products
Pretzels, Baked Goods
Salami, Meat & Sausage
Ice cream, frozen
Gummy bears, candy
Laundry detergent, household goods
Candles, other
Grapes, fruit
Garlic, vegetables
Cola, beverages
Milk, dairy products
Cakes, baked goods
Ground beef, meat & sausage
Ice cream, frozen
Chocolates, candy
Toilet paper, household goods
Candles, other
Apple, fruit
Carrot, vegetables
Apple juice, beverages
Milk, dairy products
Toast, baked goods
Ham, meat & Sausage
Frozen Berries, Frozen
Chewing Gum, Confectionery
Garbage Bags, Household
Batteries, Other
Lemon, Fruit
Peppers, Vegetables
Coffee, Beverages
Yogurt, Dairy Products
Rolls, Baked Goods
Bratwurst, Meat & Sausage
Ice Cream, Frozen
Chocolates, Confectionery
Kitchen Roll, Household
Aluminum Foil, Other
Orange, Fruit
Peppers, Vegetables
Orange Juice, Beverages
Cream, Dairy Products
Pretzels, Baked Goods
Ground Meat, Meat & Sausage
Frozen Fries, Frozen
Candy, Confectionery
Garbage Bags, Household
Aluminum Foil, Other
Apple, Fruit
Garlic, Vegetables
Milk, Beverages
Milk, Dairy Products
Rolls, Baked Goods
Bratwurst, Meat & Sausage
Ice Cream, Frozen
Chewing Gum, Confectionery
Dishwashing Liquid, Household
Lighter, Other
Orange, Fruit
Lettuce, Vegetables
Beer, Beverages
Butter, Dairy Products
Rolls, Baked Goods
Ground Beef, Meat & Sausage
Frozen Fries, Frozen
Cookies, Confectionery
Laundry Detergent, Household
Aluminum Foil, Other
Apple, Fruit
Carrot, Vegetables
Minced Water, Beverages
Cream, Dairy Products
Bread, Baked Goods
Salami, Meat & Sausage
Frozen Vegetables, Frozen
Chocolates, Sweets
Dishwashing Liquid, Household
Light Bulb, Other
Banana, Fruit
Onions, Vegetables
Milk, Beverages
Butter, Dairy Products
Pretzels, Baked Goods
Liverwurst, Meat & Sausage
Frozen Pizza, Frozen
Gummy Bears, Sweets
Detergent, Household
Lighter, Other
Kiwi, Fruit
Zucchini, Vegetables
Orange Juice, Beverages
Cream Cheese, Dairy Products
Bread, Baked Goods
Liverwurst, Meat & Sausage
Frozen Vegetables, Frozen
Gummy Bears, Sweets
Toilet Paper, Household
Light Bulb, Other
Peach, Fruit
Zucchini, Vegetables
Wine, Beverages
Cream, Dairy Products
Croissant, Baked Goods
Ground Beef, Meat & Sausage
Frozen Fish Sticks, Frozen
Chocolate, Sweets
Dishwashing Liquid, Household
Aluminum Foil, Other
Pineapple, Fruit
Salad, Vegetables
Apple Juice, Beverages
Cheese, Dairy Products
Toast, Baked Goods
Salami, Meat & Sausage
Frozen French Fries, Frozen
Gummy Bears, Sweets
Kitchen Roll, Household
Aluminum Foil, Other
Mango, Fruit
Salad, Vegetables
Cola, Beverages
Cream, Dairy Products
Rolls, Baked Goods
Liverwurst, Meat & Sausage
Frozen Berries, Frozen
Chewing Gum, Sweets
Trash Bags, Household
Batteries, Other
Orange, Fruit
Broccoli, Vegetables
Milk, Beverages
Butter, Dairy Products
Rolls, Baked Goods
Liverwurst, Meat & Sausage
Frozen Fish Sticks, Frozen
Chocolate, Sweets
Toilet Paper, Household
Batteries, Other
Pineapple, Fruit
Salad, Vegetables
Iced Tea, Beverages
Butter, Dairy Products
Cakes, Baked Goods
Wieners, Meat & Sausage
Frozen Fish Sticks, Frozen
Cookies, Sweets
Laundry Detergent, Household
Aluminum Foil, Other
Banana, Fruit
Carrot, Vegetables
Milk, Beverages
Cheese, Dairy Products
Bread, Baked Goods
Salami, Meat & Sausage
Frozen Berries, Frozen
Cookies, Sweets
Kitchen Roll, Household
Candles, Other
Pear, Fruit
Tomato, Vegetables
Milk, Beverages
Butter, Dairy Products
Cakes, Baked Goods
Liverwurst, Meat & Sausage
Ice Cream, Frozen
Cookies, Sweets
Garbage Bags, Household
Aluminum Foil, Other
Kiwi, Fruit
Carrot, Vegetables
Beer, Beverages
Butter, Dairy Products
Toast, Baked Goods
Liverwurst, Meat & Sausage
Ice Cream, Frozen
Gummy Bears, Candy
Toilet Paper, Household
Aluminum Foil, Other
Banana, Fruit
Cucumber, Vegetables
Orange Juice, Beverages
Cream Cheese, Dairy Products
Cakes, Baked Goods
Bratwurst, Meat & Sausage
Frozen Pizza, Frozen
Cookies, Candy
Toilet Paper, Household
Candles, Other
Lemon, Fruit
Garlic, Vegetables
Wine, Beverages
Milk, Dairy Products
Cakes, Baked Goods
Ham, Meat & Sausage
Frozen Pizza, Frozen Food
Gummy Bears, Candy
Toilet Paper, Household Items
Batteries, Miscellaneous
Mango, Fruit
Peppers, Vegetables
Wine, Beverages
Cream Cheese, Dairy Products
Cakes, Baked Goods
Bratwurst, Meat & Sausage
Frozen vegetables, cookies, sweets
Toilet paper, household items
Batteries, other
Pineapple, fruit
Spinach, vegetables
Cola, drinks
Milk, dairy products
Croissants, baked goods
Bratwurst, meat & sausage
Frozen fries, frozen
Chewing gum, sweets
Kitchen roll, household items
Lighter, other
Orange, fruit
Salad, vegetables
Tea, drinks
Milk, dairy products
Baguette, baked goods
Wiener, meat & Sausage
Ice cream, frozen food
Chocolate, sweets
Trash bags, household items
Batteries, other
Pineapple, fruit
Cucumber, vegetables
Iced tea, drinks
Milk, dairy products
Croissant, baked goods
Salami, meat & sausage
Frozen pizza, frozen food
Chocolate, sweets
Trash bags, household items
Lighter, other
Kiwi, fruit
Tomato, vegetables
Iced tea, drinks
Butter, dairy products
Croissant, baked goods
Wiener, meat & Sausage
Frozen Vegetables, Frozen
Chocolates, Sweets
Trash Bags, Household
Candles, Other
Peach, Fruit
Salad, Vegetables
Orange Juice, Beverages
Butter, Dairy Products
Baguette, Baked Goods
Bratwurst, Meat & Sausage
Frozen Vegetables, Frozen
Chocolate, Sweets
Dishwashing Liquid, Household
Aluminum Foil, Other
Apple, Fruit
Salad, Vegetables
Cola, Beverages
Cream, Dairy Products
Pretzels, Baked Goods
Ham, Meat & Sausage
Frozen Fries, Frozen
Gummy Bears, Candy
Trash Bags, Household
Candles, Other
Pears, Fruit
Broccoli, Vegetables
Iced Tea, Drinks
Cream, Dairy Products
Bread, Baked Goods
Chicken Breast, Meat & Sausage
Frozen Vegetables, Frozen
Gummy Bears, Candy
Dishwashing Liquid, Household
Batteries, Other
Pears, Fruit
Spinach, Vegetables
Tea, Drinks
Milk, Dairy Products
Cakes, Baked Goods
Ham, Meat & Sausage
Ice cream, frozen food
Chewing gum, candy
Kitchen roll, household items
Aluminum foil, other
Apple, fruit
Broccoli, vegetables
Apple juice, drinks
Cream cheese, dairy products
Croissant, baked goods
Bratwurst, meat & sausage
Ice cream, frozen food
Chocolate, candy
Toilet paper, household items
Batteries, other
Peach, fruit
Salad, vegetables
Apple juice, drinks
Quark, dairy products
Croissant, baked goods
Ground meat, meat & Sausage
Frozen fish sticks, frozen
Cookies, sweets
Dishwashing liquid, household items
Lighter, other
Lemon, fruit
Zucchini, vegetables
Milk, drinks
Butter, dairy products
Croissant, baked goods
Ham, meat & sausage
Frozen vegetables, frozen
Chocolate, sweets
Trash bags, household items
Batteries, other
Kiwi, fruit
Peppers, vegetables
Beer, drinks
Butter, dairy products
Toast, baked goods
Chicken breast, meat & Sausage
Frozen Pizza, Frozen
Gummy Bears, Sweets
Dishwashing Liquid, Household
Lighter, Other
Peach, Fruit
Zucchini, Vegetables
Wine, Beverages
Milk, Dairy Products
Croissant, Baked Goods
Chicken Breast, Meat & Sausage
Frozen Berries, Frozen
Gummy Bears, Sweets
Dishwashing Liquid, Household
Batteries, Other
Peach, Fruit
Tomato, Vegetables
Apple Juice, Beverages
Cream, Dairy Products
Croissant, Baked Goods
Ground Beef, Meat & Sausage
Ice cream, frozen food
Gummy bears, candy
Laundry detergent, household goods
Candles, miscellaneous
Pineapple, fruit
Cucumber, vegetables
Apple juice, beverages
Buttermilk, dairy products
Baguette, baked goods
Salami, meat & sausage
Ice cream, frozen food
Chocolate, candy
Dishwashing liquid, household goods
Batteries, miscellaneous
Artículo, Categoría
manzana, fruta
cebolla, verduras
Zumo de manzana, bebidas
Crema, productos lácteos
Pasteles, productos horneados
Salchicha de hígado, carne y embutidos
Helado, congelado
Caramelos, dulces
Detergente doméstico
Bombilla, Otro
Mango, fruta
calabacín, verduras
Zumo de manzana, bebidas
Mantequilla, productos lácteos
Pan, productos horneados
Carne picada, carne y embutidos
pizza congelada
Chicles, caramelos
Detergente lavavajillas, doméstico
Baterías, Otros
pomelo
Zanahoria, verduras
Leche, bebidas
Quark, productos lácteos
Tostadas, productos horneados
Salami, carne y embutidos
Helado, congelado
Chocolate, confitería
Papel de cocina, para el hogar
Velas, Otros
piña, fruta
Ajo, verduras
Zumo de manzana, bebidas
Mantequilla, productos lácteos
Baguette, productos horneados
Bratwurst, carne y salchichas
Palitos de pescado congelados
Gomitas, dulces
Papel higiénico, de uso doméstico
Papel de aluminio, otros
pomelo
Espinacas, verduras
Vino, bebidas
Suero de leche, productos lácteos
Croissant, productos horneados
Bratwurst, carne y salchichas
Verduras congeladas, congeladas
Chocolates, dulces
Papel higiénico, de uso doméstico
Baterías, Otros
piña, fruta
Espinacas, verduras
Café, bebidas
Mantequilla, productos lácteos
Pretzels, productos horneados
Wiener, carne y salchichas
Verduras congeladas, congeladas
Gomitas, dulces
bolsas de basura, hogar
Baterías, Otros
pomelo
tomate, verduras
Té, bebidas
Queso, productos lácteos
Pretzels, productos horneados
Salami, carne y embutidos
Helado, congelado
Gomitas, dulces
Detergente doméstico
Velas, Otros
pomelo
Ajo, verduras
Cola, bebidas
Leche, productos lácteos
Pasteles, productos horneados
Carne picada, carne y embutidos
Helado, congelado
Chocolates, dulces
Papel higiénico, de uso doméstico
Velas, Otros
manzana, fruta
Zanahoria, verduras
Zumo de manzana, bebidas
Leche, productos lácteos
Tostadas, productos horneados
Jamón, carne y embutidos
Bayas congeladas, congeladas
Chicles, caramelos
bolsas de basura, hogar
Baterías, Otros
Limón, fruta
pimientos, verduras
Café, bebidas
Yogur, productos lácteos
panecillos, productos horneados
Bratwurst, carne y salchichas
Helado, congelado
Chocolates, dulces
Papel de cocina, para el hogar
Papel de aluminio, otros
Naranja, fruta
pimientos, verduras
Zumo de naranja, bebidas
Crema, productos lácteos
Pretzels, productos horneados
Carne picada, carne y embutidos
Papas fritas congeladas, congeladas
Caramelos, dulces
bolsas de basura, hogar
Papel de aluminio, otros
manzana, fruta
Ajo, verduras
Leche, bebidas
Leche, productos lácteos
panecillos, productos horneados
Bratwurst, carne y salchichas
Helado, congelado
Chicles, caramelos
Detergente lavavajillas, doméstico
Encendedor, Otro
Naranja, fruta
Ensalada, verduras
Cerveza, bebidas
Mantequilla, productos lácteos
panecillos, productos horneados
Carne picada, carne y embutidos
Papas fritas congeladas, congeladas
Galletas, dulces
Detergente doméstico
Papel de aluminio, otros
manzana, fruta
Zanahoria, verduras
Agua mineral, bebidas
Crema, productos lácteos
Pan, productos horneados
Salami, carne y embutidos
Verduras congeladas, congeladas
Chocolates, dulces
Detergente lavavajillas, doméstico
Bombilla, Otro
plátano, fruta
cebolla, verduras
Leche, bebidas
Mantequilla, productos lácteos
Pretzels, productos horneados
Salchicha de hígado, carne y embutidos
pizza congelada
Gomitas, dulces
Detergente doméstico
Encendedor, Otro
Kiwi, fruta
calabacín, verduras
Zumo de naranja, bebidas
Queso crema, productos lácteos
Pan, productos horneados
Salchicha de hígado, carne y embutidos
Verduras congeladas, congeladas
Gomitas, dulces
Papel higiénico, de uso doméstico
Bombilla, Otro
melocotón, fruta
calabacín, verduras
Vino, bebidas
Crema, productos lácteos
Croissant, productos horneados
Carne picada, carne y embutidos
Palitos de pescado congelados
Chocolate, confitería
Detergente lavavajillas, doméstico
Papel de aluminio, otros
piña, fruta
Ensalada, verduras
Zumo de manzana, bebidas
Queso, productos lácteos
Tostadas, productos horneados
Salami, carne y embutidos
Papas fritas congeladas, congeladas
Gomitas, dulces
Papel de cocina, para el hogar
Papel de aluminio, otros
Mango, fruta
Ensalada, verduras
Cola, bebidas
Crema, productos lácteos
panecillos, productos horneados
Salchicha de hígado, carne y embutidos
Bayas congeladas, congeladas
Chicles, caramelos
bolsas de basura, hogar
Baterías, Otros
Naranja, fruta
Brócoli, verduras
Leche, bebidas
Mantequilla, productos lácteos
panecillos, productos horneados
Salchicha de hígado, carne y embutidos
Palitos de pescado congelados
Chocolate, confitería
Papel higiénico, de uso doméstico
Baterías, Otros
piña, fruta
Ensalada, verduras
Té helado, bebidas
Mantequilla, productos lácteos
Pasteles, productos horneados
Wiener, carne y salchichas
Palitos de pescado congelados
Galletas, dulces
Detergente doméstico
Papel de aluminio, otros
plátano, fruta
Zanahoria, verduras
Leche, bebidas
Queso, productos lácteos
Pan, productos horneados
Salami, carne y embutidos
Bayas congeladas, congeladas
Galletas, dulces
Papel de cocina, para el hogar
Velas, Otros
pera, fruta
tomate, verduras
Leche, bebidas
Mantequilla, productos lácteos
Pasteles, productos horneados
Salchicha de hígado, carne y embutidos
Helado, congelado
Galletas, dulces
bolsas de basura, hogar
Papel de aluminio, otros
Kiwi, fruta
Zanahoria, verduras
Cerveza, bebidas
Mantequilla, productos lácteos
Tostadas, productos horneados
Salchicha de hígado, carne y embutidos
Helado, congelado
Gomitas, dulces
Papel higiénico, de uso doméstico
Papel de aluminio, otros
plátano, fruta
pepino, verduras
Zumo de naranja, bebidas
Queso crema, productos lácteos
Pasteles, productos horneados
Bratwurst, carne y salchichas
pizza congelada
Galletas, dulces
Papel higiénico, de uso doméstico
Velas, Otros
Limón, fruta
Ajo, verduras
Vino, bebidas
Leche, productos lácteos
Pasteles, productos horneados
Jamón, carne y embutidos
pizza congelada
Gomitas, dulces
Papel higiénico, de uso doméstico
Baterías, Otros
Mango, fruta
pimientos, verduras
Vino, bebidas
Queso crema, productos lácteos
Pasteles, productos horneados
Bratwurst, carne y salchichas
K-Verduras congeladas
Galletas, dulces
Papel higiénico, de uso doméstico
Baterías, Otros
piña, fruta
Espinacas, verduras
Cola, bebidas
Leche, productos lácteos
Croissant, productos horneados
Bratwurst, carne y salchichas
Papas fritas congeladas, congeladas
Chicles, caramelos
Papel de cocina, para el hogar
Encendedor, Otro
Naranja, fruta
Ensalada, verduras
Té, bebidas
Leche, productos lácteos
Baguette, productos horneados
Wiener, carne y salchichas
Helado, congelado
Chocolate, confitería
bolsas de basura, hogar
Baterías, Otros
piña, fruta
pepino, verduras
Té helado, bebidas
Leche, productos lácteos
Croissant, productos horneados
Salami, carne y embutidos
pizza congelada
Chocolate, confitería
bolsas de basura, hogar
Encendedor, Otro
Kiwi, fruta
tomate, verduras
Té helado, bebidas
Mantequilla, productos lácteos
Croissant, productos horneados
Wiener, carne y salchichas
Verduras congeladas, congeladas
Chocolates, dulces
bolsas de basura, hogar
Velas, Otros
melocotón, fruta
Ensalada, verduras
Zumo de naranja, bebidas
Mantequilla, productos lácteos
Baguette, productos horneados
Bratwurst, carne y salchichas
Verduras congeladas, congeladas
Chocolate, confitería
Detergente lavavajillas, doméstico
Papel de aluminio, otros
manzana, fruta
Ensalada, verduras
Cola, bebidas
Crema, productos lácteos
Pretzels, productos horneados
Jamón, carne y embutidos
Papas fritas congeladas, congeladas
Gomitas, dulces
bolsas de basura, hogar
Velas, Otros
pera, fruta
Brócoli, verduras
Té helado, bebidas
Crema, productos lácteos
Pan, productos horneados
Pechuga de pollo, carne y salchicha
Verduras congeladas, congeladas
Gomitas, dulces
Detergente lavavajillas, doméstico
Baterías, Otros
pera, fruta
Espinacas, verduras
Té, bebidas
Leche, productos lácteos
Pasteles, productos horneados
Jamón, carne y embutidos
Helado, congelado
Chicles, caramelos
Papel de cocina, para el hogar
Papel de aluminio, otros
manzana, fruta
Brócoli, verduras
Zumo de manzana, bebidas
Queso crema, productos lácteos
Croissant, productos horneados
Bratwurst, carne y salchichas
Helado, congelado
Chocolate, confitería
Papel higiénico, de uso doméstico
Baterías, Otros
melocotón, fruta
Ensalada, verduras
Zumo de manzana, bebidas
Quark, productos lácteos
Croissant, productos horneados
Carne picada, carne y embutidos
Palitos de pescado congelados
Galletas, dulces
Detergente lavavajillas, doméstico
Encendedor, Otro
Limón, fruta
calabacín, verduras
Leche, bebidas
Mantequilla, productos lácteos
Croissant, productos horneados
Jamón, carne y embutidos
Verduras congeladas, congeladas
Chocolate, confitería
bolsas de basura, hogar
Baterías, Otros
Kiwi, fruta
pimientos, verduras
Cerveza, bebidas
Mantequilla, productos lácteos
Tostadas, productos horneados
Pechuga de pollo, carne y salchicha
pizza congelada
Gomitas, dulces
Detergente lavavajillas, doméstico
Encendedor, Otro
melocotón, fruta
calabacín, verduras
Vino, bebidas
Leche, productos lácteos
Croissant, productos horneados
Pechuga de pollo, carne y salchicha
Bayas congeladas, congeladas
Gomitas, dulces
Detergente lavavajillas, doméstico
Baterías, Otros
melocotón, fruta
tomate, verduras
Zumo de manzana, bebidas
Crema, productos lácteos
Croissant, productos horneados
Carne picada, carne y embutidos
Helado, congelado
Gomitas, dulces
Detergente doméstico
Velas, Otros
piña, fruta
pepino, verduras
Zumo de manzana, bebidas
Suero de leche, productos lácteos
Baguette, productos horneados
Salami, carne y embutidos
Helado, congelado
Chocolate, confitería
Detergente lavavajillas, doméstico
Baterías, Otros
Article, Catégorie
pomme, fruit
oignon, légumes
Jus de pomme, boissons
Crème, produits laitiers
Gâteaux, produits de boulangerie
Saucisse de foie, viande et saucisse
Crème glacée, congelée
Bonbons, sucreries
Détergent ménager
Ampoule, Autre
Mangue, fruit
courgettes, légumes
Jus de pomme, boissons
Beurre, produits laitiers
Pain, produits de boulangerie
Viande hachée, viande et saucisse
Pizza surgelée
Chewing-gum, bonbons
Détergent à vaisselle, ménager
Piles, autres
pamplemousse
Carotte, légumes
Lait, boissons
Quark, produits laitiers
Toasts, produits de boulangerie
Salami, viande et saucisse
Crème glacée, congelée
Chocolat, confiserie
Essuie-tout, ménage
Bougies, autres
ananas, fruit
Ail, légumes
Jus de pomme, boissons
Beurre, produits laitiers
Baguette, produits de boulangerie
Bratwurst, viande et saucisse
Bâtonnets de poisson congelés
Bonbons gélifiés, bonbons
Papier toilette, ménage
Feuille d'aluminium, autre
pamplemousse
Épinards, légumes
Vin, boissons
Babeurre, produits laitiers
Croissant, produits de boulangerie
Bratwurst, viande et saucisse
Légumes surgelés, surgelés
Chocolats, bonbons
Papier toilette, ménage
Piles, autres
ananas, fruit
Épinards, légumes
Café, boissons
Beurre, produits laitiers
Bretzels, produits de boulangerie
Wiener, viande et saucisse
Légumes surgelés, surgelés
Bonbons gélifiés, bonbons
sacs poubelles, ménagers
Piles, autres
pamplemousse
tomate, légumes
Thé, boissons
Fromage, produits laitiers
Bretzels, produits de boulangerie
Salami, viande et saucisse
Crème glacée, congelée
Bonbons gélifiés, bonbons
Détergent ménager
Bougies, autres
pamplemousse
Ail, légumes
Cola, boissons
Lait, produits laitiers
Gâteaux, produits de boulangerie
Viande hachée, viande et saucisse
Crème glacée, congelée
Chocolats, bonbons
Papier toilette, ménage
Bougies, autres
pomme, fruit
Carotte, légumes
Jus de pomme, boissons
Lait, produits laitiers
Toasts, produits de boulangerie
Jambon, viande et saucisse
Baies congelées, congelées
Chewing-gum, bonbons
sacs poubelles, ménagers
Piles, autres
Citron, fruit
poivrons, légumes
Café, boissons
Yaourt, produits laitiers
petits pains, produits de boulangerie
Bratwurst, viande et saucisse
Crème glacée, congelée
Chocolats, bonbons
Essuie-tout, ménage
Feuille d'aluminium, autre
Orange, fruit
poivrons, légumes
Jus d'orange, boissons
Crème, produits laitiers
Bretzels, produits de boulangerie
Viande hachée, viande et saucisse
Frites surgelées, surgelées
Bonbons, sucreries
sacs poubelles, ménagers
Feuille d'aluminium, autre
pomme, fruit
Ail, légumes
Lait, boissons
Lait, produits laitiers
petits pains, produits de boulangerie
Bratwurst, viande et saucisse
Crème glacée, congelée
Chewing-gum, bonbons
Détergent à vaisselle, ménager
Briquet, Autre
Orange, fruit
Salade, légumes
Bière, boissons
Beurre, produits laitiers
petits pains, produits de boulangerie
Viande hachée, viande et saucisse
Frites surgelées, surgelées
Biscuits, bonbons
Détergent ménager
Feuille d'aluminium, autre
pomme, fruit
Carotte, légumes
Eau minérale, boissons
Crème, produits laitiers
Pain, produits de boulangerie
Salami, viande et saucisse
Légumes surgelés, surgelés
Chocolats, bonbons
Détergent à vaisselle, ménager
Ampoule, Autre
banane, fruit
oignon, légumes
Lait, boissons
Beurre, produits laitiers
Bretzels, produits de boulangerie
Saucisse de foie, viande et saucisse
Pizza surgelée
Bonbons gélifiés, bonbons
Détergent ménager
Briquet, Autre
Kiwi
courgettes, légumes
Jus d'orange, boissons
Fromage à la crème, produits laitiers
Pain, produits de boulangerie
Saucisse de foie, viande et saucisse
Légumes surgelés, surgelés
Bonbons gélifiés, bonbons
Papier toilette, ménage
Ampoule, Autre
pêche, fruit
courgettes, légumes
Vin, boissons
Crème, produits laitiers
Croissant, produits de boulangerie
Viande hachée, viande et saucisse
Bâtonnets de poisson congelés
Chocolat, confiserie
Détergent à vaisselle, ménager
Feuille d'aluminium, autre
ananas, fruit
Salade, légumes
Jus de pomme, boissons
Fromage, produits laitiers
Toasts, produits de boulangerie
Salami, viande et saucisse
Frites surgelées, surgelées
Bonbons gélifiés, bonbons
Essuie-tout, ménage
Feuille d'aluminium, autre
Mangue, fruit
Salade, légumes
Cola, boissons
Crème, produits laitiers
petits pains, produits de boulangerie
Saucisse de foie, viande et saucisse
Baies congelées, congelées
Chewing-gum, bonbons
sacs poubelles, ménagers
Piles, autres
Orange, fruit
Brocoli, légumes
Lait, boissons
Beurre, produits laitiers
petits pains, produits de boulangerie
Saucisse de foie, viande et saucisse
Bâtonnets de poisson congelés
Chocolat, confiserie
Papier toilette, ménage
Piles, autres
ananas, fruit
Salade, légumes
Thé glacé, boissons
Beurre, produits laitiers
Gâteaux, produits de boulangerie
Wiener, viande et saucisse
Bâtonnets de poisson congelés
Biscuits, bonbons
Détergent ménager
Feuille d'aluminium, autre
banane, fruit
Carotte, légumes
Lait, boissons
Fromage, produits laitiers
Pain, produits de boulangerie
Salami, viande et saucisse
Baies congelées, congelées
Biscuits, bonbons
Essuie-tout, ménage
Bougies, autres
poire, fruit
tomate, légumes
Lait, boissons
Beurre, produits laitiers
Gâteaux, produits de boulangerie
Saucisse de foie, viande et saucisse
Crème glacée, congelée
Biscuits, bonbons
sacs poubelles, ménagers
Feuille d'aluminium, autre
Kiwi
Carotte, légumes
Bière, boissons
Beurre, produits laitiers
Toasts, produits de boulangerie
Saucisse de foie, viande et saucisse
Crème glacée, congelée
Bonbons gélifiés, bonbons
Papier toilette, ménage
Feuille d'aluminium, autre
banane, fruit
concombre, légumes
Jus d'orange, boissons
Fromage à la crème, produits laitiers
Gâteaux, produits de boulangerie
Bratwurst, viande et saucisse
Pizza surgelée
Biscuits, bonbons
Papier toilette, ménage
Bougies, autres
Citron, fruit
Ail, légumes
Vin, boissons
Lait, produits laitiers
Gâteaux, produits de boulangerie
Jambon, viande et saucisse
Pizza surgelée
Bonbons gélifiés, bonbons
Papier toilette, ménage
Piles, autres
Mangue, fruit
poivrons, légumes
Vin, boissons
Fromage à la crème, produits laitiers
Gâteaux, produits de boulangerie
Bratwurst, viande et saucisse
Légumes K, surgelés
Biscuits, bonbons
Papier toilette, ménage
Piles, autres
ananas, fruit
Épinards, légumes
Cola, boissons
Lait, produits laitiers
Croissant, produits de boulangerie
Bratwurst, viande et saucisse
Frites surgelées, surgelées
Chewing-gum, bonbons
Essuie-tout, ménage
Briquet, Autre
Orange, fruit
Salade, légumes
Thé, boissons
Lait, produits laitiers
Baguette, produits de boulangerie
Wiener, viande et saucisse
Crème glacée, congelée
Chocolat, confiserie
sacs poubelles, ménagers
Piles, autres
ananas, fruit
concombre, légumes
Thé glacé, boissons
Lait, produits laitiers
Croissant, produits de boulangerie
Salami, viande et saucisse
Pizza surgelée
Chocolat, confiserie
sacs poubelles, ménagers
Briquet, Autre
Kiwi
tomate, légumes
Thé glacé, boissons
Beurre, produits laitiers
Croissant, produits de boulangerie
Wiener, viande et saucisse
Légumes surgelés, congelés
Chocolats, bonbons
sacs poubelles, ménagers
Bougies, autres
pêche, fruit
Salade, légumes
Jus d'orange, boissons
Beurre, produits laitiers
Baguette, produits de boulangerie
Bratwurst, viande et saucisse
Légumes surgelés, congelés
Chocolat, confiserie
Détergent à vaisselle, ménager
Feuille d'aluminium, autre
pomme, fruit
Salade, légumes
Cola, boissons
Crème, produits laitiers
Bretzels, produits de boulangerie
Jambon, viande et saucisse
Frites surgelées, surgelées
Bonbons gélifiés, bonbons
sacs poubelles, ménagers
Bougies, autres
poire, fruit
Brocoli, légumes
Thé glacé, boissons
Crème, produits laitiers
Pain, produits de boulangerie
Poitrine de poulet, viande et saucisse
Légumes surgelés, surgelés
Bonbons gélifiés, bonbons
Détergent à vaisselle, ménager
Piles, autres
poire, fruit
Épinards, légumes
Thé, boissons
Lait, produits laitiers
Gâteaux, produits de boulangerie
Jambon, viande et saucisse
Crème glacée, congelée
Chewing-gum, bonbons
Essuie-tout, ménage
Feuille d'aluminium, autre
pomme, fruit
Brocoli, légumes
Jus de pomme, boissons
Fromage à la crème, produits laitiers
Croissant, produits de boulangerie
Bratwurst, viande et saucisse
Crème glacée, congelée
Chocolat, confiserie
Papier toilette, ménage
Piles, autres
pêche, fruit
Salade, légumes
Jus de pomme, boissons
Quark, produits laitiers
Croissant, produits de boulangerie
Viande hachée, viande et saucisse
Bâtonnets de poisson congelés
Biscuits, bonbons
Détergent à vaisselle, ménager
Briquet, Autre
Citron, fruit
courgettes, légumes
Lait, boissons
Beurre, produits laitiers
Croissant, produits de boulangerie
Jambon, viande et saucisse
Légumes surgelés, surgelés
Chocolat, confiserie
sacs poubelles, ménagers
Piles, autres
Kiwi
poivrons, légumes
Bière, boissons
Beurre, produits laitiers
Toasts, produits de boulangerie
Poitrine de poulet, viande et saucisse
Pizza surgelée
Bonbons gélifiés, bonbons
Détergent à vaisselle, ménager
Briquet, Autre
pêche, fruit
courgettes, légumes
Vin, boissons
Lait, produits laitiers
Croissant, produits de boulangerie
Poitrine de poulet, viande et saucisse
Baies congelées, congelées
Bonbons gélifiés, bonbons
Détergent à vaisselle, ménager
Piles, autres
pêche, fruit
tomate, légumes
Jus de pomme, boissons
Crème, produits laitiers
Croissant, produits de boulangerie
Viande hachée, viande et saucisse
Crème glacée, congelée
Bonbons gélifiés, bonbons
Détergent ménager
Bougies, autres
ananas, fruit
concombre, légumes
Jus de pomme, boissons
Babeurre, produits laitiers
Baguette, produits de boulangerie
Salami, viande et saucisse
Crème glacée, congelée
Chocolat, confiserie
Détergent à vaisselle, ménager
Piles, autres
Articolo, Categoria
mela, frutta
cipolla, verdure
Succo di mela, bevande
Panna, latticini
Torte, prodotti da forno
Salsiccia di fegato, carne e salsiccia
Gelato, congelato
Caramelle, dolci
Detersivo per la casa
Lampadina, Altro
Mango, frutta
zucchine, verdure
Succo di mela, bevande
Burro, latticini
Pane, prodotti da forno
Carne macinata, carne e salsiccia
Pizza surgelata
Gomma da masticare, caramelle
Detersivo per piatti, per uso domestico
Batterie, Altro
pompelmo
Carota, verdure
Latte, bevande
Quark, latticini
Toast, prodotti da forno
Salame, carne e salsiccia
Gelato, congelato
Cioccolato, dolciumi
Carta da cucina, per uso domestico
Candele, Altro
ananas, frutta
Aglio, verdure
Succo di mela, bevande
Burro, latticini
Baguette, prodotti da forno
Bratwurst, carne e salsiccia
Bastoncini di pesce congelati
Caramelle gommose, dolciumi
Carta igienica, per uso domestico
Foglio di alluminio, altro
pompelmo
Spinaci, verdure
Vino, bevande
Latticello, latticini
Croissant, prodotti da forno
Bratwurst, carne e salsiccia
Verdure surgelate, surgelate
Cioccolatini, dolci
Carta igienica, per uso domestico
Batterie, Altro
ananas, frutta
Spinaci, verdure
Caffè, bevande
Burro, latticini
Pretzel, prodotti da forno
Wurstel, carne e salsiccia
Verdure surgelate, surgelate
Caramelle gommose, dolciumi
sacchi della spazzatura, domestici
Batterie, Altro
pompelmo
pomodoro, verdure
Tè, bevande
Formaggio, latticini
Pretzel, prodotti da forno
Salame, carne e salsiccia
Gelato, congelato
Caramelle gommose, dolciumi
Detersivo per la casa
Candele, Altro
pompelmo
Aglio, verdure
Cola, bevande
Latte, latticini
Torte, prodotti da forno
Carne macinata, carne e salsiccia
Gelato, congelato
Cioccolatini, dolci
Carta igienica, per uso domestico
Candele, Altro
mela, frutta
Carota, verdure
Succo di mela, bevande
Latte, latticini
Toast, prodotti da forno
Prosciutto, carne e salsiccia
Bacche congelate, congelate
Gomma da masticare, caramelle
sacchi della spazzatura, domestici
Batterie, Altro
Limone, frutta
peperoni, verdure
Caffè, bevande
Yogurt, latticini
panini, prodotti da forno
Bratwurst, carne e salsiccia
Gelato, congelato
Cioccolatini, dolci
Carta da cucina, per uso domestico
Foglio di alluminio, altro
Arancia, frutta
peperoni, verdure
Succo d'arancia, bevande
Panna, latticini
Pretzel, prodotti da forno
Carne macinata, carne e salsiccia
Patatine fritte surgelate, surgelate
Caramelle, dolci
sacchi della spazzatura, domestici
Foglio di alluminio, altro
mela, frutta
Aglio, verdure
Latte, bevande
Latte, latticini
panini, prodotti da forno
Bratwurst, carne e salsiccia
Gelato, congelato
Gomma da masticare, caramelle
Detersivo per piatti, per uso domestico
Accendino, Altro
Arancia, frutta
Insalata, verdure
Birra, bevande
Burro, latticini
panini, prodotti da forno
Carne macinata, carne e salsiccia
Patatine fritte surgelate, surgelate
Biscotti, dolci
Detersivo per la casa
Foglio di alluminio, altro
mela, frutta
Carota, verdure
Acqua minerale, bevande
Panna, latticini
Pane, prodotti da forno
Salame, carne e salsiccia
Verdure surgelate, surgelate
Cioccolatini, dolci
Detersivo per piatti, per uso domestico
Lampadina, Altro
banana, frutta
cipolla, verdure
Latte, bevande
Burro, latticini
Pretzel, prodotti da forno
Salsiccia di fegato, carne e salsiccia
Pizza surgelata
Caramelle gommose, dolciumi
Detersivo per la casa
Accendino, Altro
Kiwi, frutta
zucchine, verdure
Succo d'arancia, bevande
Formaggio cremoso, latticini
Pane, prodotti da forno
Salsiccia di fegato, carne e salsiccia
Verdure surgelate, surgelate
Caramelle gommose, dolciumi
Carta igienica, per uso domestico
Lampadina, Altro
pesca, frutta
zucchine, verdure
Vino, bevande
Panna, latticini
Croissant, prodotti da forno
Carne macinata, carne e salsiccia
Bastoncini di pesce congelati
Cioccolato, dolciumi
Detersivo per piatti, per uso domestico
Foglio di alluminio, altro
ananas, frutta
Insalata, verdure
Succo di mela, bevande
Formaggio, latticini
Toast, prodotti da forno
Salame, carne e salsiccia
Patatine fritte surgelate, surgelate
Caramelle gommose, dolciumi
Carta da cucina, per uso domestico
Foglio di alluminio, altro
Mango, frutta
Insalata, verdure
Cola, bevande
Panna, latticini
panini, prodotti da forno
Salsiccia di fegato, carne e salsiccia
Bacche congelate, congelate
Gomma da masticare, caramelle
sacchi della spazzatura, domestici
Batterie, Altro
Arancia, frutta
Broccoli, verdure
Latte, bevande
Burro, latticini
panini, prodotti da forno
Salsiccia di fegato, carne e salsiccia
Bastoncini di pesce congelati
Cioccolato, dolciumi
Carta igienica, per uso domestico
Batterie, Altro
ananas, frutta
Insalata, verdure
Tè freddo, bevande
Burro, latticini
Torte, prodotti da forno
Wurstel, carne e salsiccia
Bastoncini di pesce congelati
Biscotti, dolci
Detersivo per la casa
Foglio di alluminio, altro
banana, frutta
Carota, verdure
Latte, bevande
Formaggio, latticini
Pane, prodotti da forno
Salame, carne e salsiccia
Bacche congelate, congelate
Biscotti, dolci
Carta da cucina, per uso domestico
Candele, Altro
pera, frutta
pomodoro, verdure
Latte, bevande
Burro, latticini
Torte, prodotti da forno
Salsiccia di fegato, carne e salsiccia
Gelato, congelato
Biscotti, dolci
sacchi della spazzatura, domestici
Foglio di alluminio, altro
Kiwi, frutta
Carota, verdure
Birra, bevande
Burro, latticini
Toast, prodotti da forno
Salsiccia di fegato, carne e salsiccia
Gelato, congelato
Caramelle gommose, dolciumi
Carta igienica, per uso domestico
Foglio di alluminio, altro
banana, frutta
cetriolo, verdure
Succo d'arancia, bevande
Formaggio cremoso, latticini
Torte, prodotti da forno
Bratwurst, carne e salsiccia
Pizza surgelata
Biscotti, dolci
Carta igienica, per uso domestico
Candele, Altro
Limone, frutta
Aglio, verdure
Vino, bevande
Latte, latticini
Torte, prodotti da forno
Prosciutto, carne e salsiccia
Pizza surgelata
Caramelle gommose, dolciumi
Carta igienica, per uso domestico
Batterie, Altro
Mango, frutta
peperoni, verdure
Vino, bevande
Formaggio cremoso, latticini
Torte, prodotti da forno
Bratwurst, carne e salsiccia
K-Verdure congelate
Biscotti, dolci
Carta igienica, per uso domestico
Batterie, Altro
ananas, frutta
Spinaci, verdure
Cola, bevande
Latte, latticini
Croissant, prodotti da forno
Bratwurst, carne e salsiccia
Patatine fritte surgelate, surgelate
Gomma da masticare, caramelle
Carta da cucina, per uso domestico
Accendino, Altro
Arancia, frutta
Insalata, verdure
Tè, bevande
Latte, latticini
Baguette, prodotti da forno
Wurstel, carne e salsiccia
Gelato, congelato
Cioccolato, dolciumi
sacchi della spazzatura, domestici
Batterie, Altro
ananas, frutta
cetriolo, verdure
Tè freddo, bevande
Latte, latticini
Croissant, prodotti da forno
Salame, carne e salsiccia
Pizza surgelata
Cioccolato, dolciumi
sacchi della spazzatura, domestici
Accendino, Altro
Kiwi, frutta
pomodoro, verdure
Tè freddo, bevande
Burro, latticini
Croissant, prodotti da forno
Wurstel, carne e salsiccia
Verdure surgelate, surgelate
Cioccolatini, dolci
sacchi della spazzatura, domestici
Candele, Altro
pesca, frutta
Insalata, verdure
Succo d'arancia, bevande
Burro, latticini
Baguette, prodotti da forno
Bratwurst, carne e salsiccia
Verdure surgelate, surgelate
Cioccolato, dolciumi
Detersivo per piatti, per uso domestico
Foglio di alluminio, altro
mela, frutta
Insalata, verdure
Cola, bevande
Panna, latticini
Pretzel, prodotti da forno
Prosciutto, carne e salsiccia
Patatine fritte surgelate, surgelate
Caramelle gommose, dolciumi
sacchi della spazzatura, domestici
Candele, Altro
pera, frutta
Broccoli, verdure
Tè freddo, bevande
Panna, latticini
Pane, prodotti da forno
Petto di pollo, carne e salsiccia
Verdure surgelate, surgelate
Caramelle gommose, dolciumi
Detersivo per piatti, per uso domestico
Batterie, Altro
pera, frutta
Spinaci, verdure
Tè, bevande
Latte, latticini
Torte, prodotti da forno
Prosciutto, carne e salsiccia
Gelato, congelato
Gomma da masticare, caramelle
Carta da cucina, per uso domestico
Foglio di alluminio, altro
mela, frutta
Broccoli, verdure
Succo di mela, bevande
Formaggio cremoso, latticini
Croissant, prodotti da forno
Bratwurst, carne e salsiccia
Gelato, congelato
Cioccolato, dolciumi
Carta igienica, per uso domestico
Batterie, Altro
pesca, frutta
Insalata, verdure
Succo di mela, bevande
Quark, latticini
Croissant, prodotti da forno
Carne macinata, carne e salsiccia
Bastoncini di pesce congelati
Biscotti, dolci
Detersivo per piatti, per uso domestico
Accendino, Altro
Limone, frutta
zucchine, verdure
Latte, bevande
Burro, latticini
Croissant, prodotti da forno
Prosciutto, carne e salsiccia
Verdure surgelate, surgelate
Cioccolato, dolciumi
sacchi della spazzatura, domestici
Batterie, Altro
Kiwi, frutta
peperoni, verdure
Birra, bevande
Burro, latticini
Toast, prodotti da forno
Petto di pollo, carne e salsiccia
Pizza surgelata
Caramelle gommose, dolciumi
Detersivo per piatti, per uso domestico
Accendino, Altro
pesca, frutta
zucchine, verdure
Vino, bevande
Latte, latticini
Croissant, prodotti da forno
Petto di pollo, carne e salsiccia
Bacche congelate, congelate
Caramelle gommose, dolciumi
Detersivo per piatti, per uso domestico
Batterie, Altro
pesca, frutta
pomodoro, verdure
Succo di mela, bevande
Panna, latticini
Croissant, prodotti da forno
Carne macinata, carne e salsiccia
Gelato, congelato
Caramelle gommose, dolciumi
Detersivo per la casa
Candele, Altro
ananas, frutta
cetriolo, verdure
Succo di mela, bevande
Latticello, latticini
Baguette, prodotti da forno
Salame, carne e salsiccia
Gelato, congelato
Cioccolato, dolciumi
Detersivo per piatti, per uso domestico
Batterie, Altro
Статья, Категория
яблоко, фрукт
лук, овощи
Яблочный сок, напитки
Сливки, молочные продукты
Торты, выпечка
Ливерная колбаса, мясо и колбаса
Мороженое, замороженное
Конфеты, сладости
Моющее средство, бытовое
Лампочка, Другое
Манго, фрукты
цуккини, овощи
Яблочный сок, напитки
Масло, молочные продукты
Хлеб, выпечка
Мясной фарш, мясо и колбаса
Замороженная пицца
Жевательная резинка, конфеты
Средство для мытья посуды, бытовое
Аккумуляторы, Другое
грейпфрут
Морковь, овощи
Молоко, напитки
Творог, молочные продукты
Тосты, выпечка
Салями, мясо и колбаса
Мороженое, замороженное
Шоколад, кондитерские изделия
Бумажные полотенца, бытовые
Свечи, Другое
ананас, фрукт
Чеснок, овощи
Яблочный сок, напитки
Масло, молочные продукты
Багет, выпечка
Братвурст, мясо и колбаса
Замороженные рыбные палочки
Мармеладки, конфеты
Туалетная бумага, бытовая
Алюминиевая фольга, прочее
грейпфрут
Шпинат, овощи
Вино, напитки
Пахта, молочные продукты
Круассан, выпечка
Братвурст, мясо и колбаса
Замороженные овощи, замороженные
Шоколад, конфеты
Туалетная бумага, бытовая
Аккумуляторы, Другое
ананас, фрукт
Шпинат, овощи
Кофе, напитки
Масло, молочные продукты
Крендельки, выпечка
Венская колбаса, мясо и колбаса
Замороженные овощи, замороженные
Мармеладки, конфеты
мусорные мешки, бытовые
Аккумуляторы, Другое
грейпфрут
помидор, овощи
Чай, напитки
Сыр, молочные продукты
Крендельки, выпечка
Салями, мясо и колбаса
Мороженое, замороженное
Мармеладки, конфеты
Моющее средство, бытовое
Свечи, Другое
грейпфрут
Чеснок, овощи
Кола, напитки
Молоко, молочные продукты
Торты, выпечка
Мясной фарш, мясо и колбаса
Мороженое, замороженное
Шоколад, конфеты
Туалетная бумага, бытовая
Свечи, Другое
яблоко, фрукт
Морковь, овощи
Яблочный сок, напитки
Молоко, молочные продукты
Тосты, выпечка
Ветчина, мясо и колбаса
Замороженные ягоды, замороженные
Жевательная резинка, конфеты
мусорные мешки, бытовые
Аккумуляторы, Другое
Лимон, фрукты
перец, овощи
Кофе, напитки
Йогурт, молочные продукты
булочки, выпечка
Братвурст, мясо и колбаса
Мороженое, замороженное
Шоколад, конфеты
Бумажные полотенца, бытовые
Алюминиевая фольга, прочее
Апельсин, фрукт
перец, овощи
Апельсиновый сок, напитки
Сливки, молочные продукты
Крендельки, выпечка
Мясной фарш, мясо и колбаса
Замороженный картофель фри, замороженный
Конфеты, сладости
мусорные мешки, бытовые
Алюминиевая фольга, прочее
яблоко, фрукт
Чеснок, овощи
Молоко, напитки
Молоко, молочные продукты
булочки, выпечка
Братвурст, мясо и колбаса
Мороженое, замороженное
Жевательная резинка, конфеты
Средство для мытья посуды, бытовое
Зажигалка, Другое
Апельсин, фрукт
Салат, овощи
Пиво, напитки
Масло, молочные продукты
булочки, выпечка
Мясной фарш, мясо и колбаса
Замороженный картофель фри, замороженный
Печенье, сладости
Моющее средство, бытовое
Алюминиевая фольга, прочее
яблоко, фрукт
Морковь, овощи
Минеральная вода, напитки
Сливки, молочные продукты
Хлеб, выпечка
Салями, мясо и колбаса
Замороженные овощи, замороженные
Шоколад, конфеты
Средство для мытья посуды, бытовое
Лампочка, Другое
банан, фрукт
лук, овощи
Молоко, напитки
Масло, молочные продукты
Крендельки, выпечка
Ливерная колбаса, мясо и колбаса
Замороженная пицца
Мармеладки, конфеты
Моющее средство, бытовое
Зажигалка, Другое
Киви
цуккини, овощи
Апельсиновый сок, напитки
Сливочный сыр, молочные продукты
Хлеб, выпечка
Ливерная колбаса, мясо и колбаса
Замороженные овощи, замороженные
Мармеладки, конфеты
Туалетная бумага, бытовая
Лампочка, Другое
персик, фрукт
цуккини, овощи
Вино, напитки
Сливки, молочные продукты
Круассан, выпечка
Мясной фарш, мясо и колбаса
Замороженные рыбные палочки
Шоколад, кондитерские изделия
Средство для мытья посуды, бытовое
Алюминиевая фольга, прочее
ананас, фрукт
Салат, овощи
Яблочный сок, напитки
Сыр, молочные продукты
Тосты, выпечка
Салями, мясо и колбаса
Замороженный картофель фри, замороженный
Мармеладки, конфеты
Бумажные полотенца, бытовые
Алюминиевая фольга, прочее
Манго, фрукты
Салат, овощи
Кола, напитки
Сливки, молочные продукты
булочки, выпечка
Ливерная колбаса, мясо и колбаса
Замороженные ягоды, замороженные
Жевательная резинка, конфеты
мусорные мешки, бытовые
Аккумуляторы, Другое
Апельсин, фрукт
Брокколи, овощи
Молоко, напитки
Масло, молочные продукты
булочки, выпечка
Ливерная колбаса, мясо и колбаса
Замороженные рыбные палочки
Шоколад, кондитерские изделия
Туалетная бумага, бытовая
Аккумуляторы, Другое
ананас, фрукт
Салат, овощи
Холодный чай, напитки
Масло, молочные продукты
Торты, выпечка
Венская колбаса, мясо и колбаса
Замороженные рыбные палочки
Печенье, сладости
Моющее средство, бытовое
Алюминиевая фольга, прочее
банан, фрукт
Морковь, овощи
Молоко, напитки
Сыр, молочные продукты
Хлеб, выпечка
Салями, мясо и колбаса
Замороженные ягоды, замороженные
Печенье, сладости
Бумажные полотенца, бытовые
Свечи, Другое
груша, фрукт
помидор, овощи
Молоко, напитки
Масло, молочные продукты
Торты, выпечка
Ливерная колбаса, мясо и колбаса
Мороженое, замороженное
Печенье, сладости
мусорные мешки, бытовые
Алюминиевая фольга, прочее
Киви
Морковь, овощи
Пиво, напитки
Масло, молочные продукты
Тосты, выпечка
Ливерная колбаса, мясо и колбаса
Мороженое, замороженное
Мармеладки, конфеты
Туалетная бумага, бытовая
Алюминиевая фольга, прочее
банан, фрукт
огурец, овощи
Апельсиновый сок, напитки
Сливочный сыр, молочные продукты
Торты, выпечка
Братвурст, мясо и колбаса
Замороженная пицца
Печенье, сладости
Туалетная бумага, бытовая
Свечи, Другое
Лимон, фрукты
Чеснок, овощи
Вино, напитки
Молоко, молочные продукты
Торты, выпечка
Ветчина, мясо и колбаса
Замороженная пицца
Мармеладки, конфеты
Туалетная бумага, бытовая
Аккумуляторы, Другое
Манго, фрукты
перец, овощи
Вино, напитки
Сливочный сыр, молочные продукты
Торты, выпечка
Братвурст, мясо и колбаса
K-овощи,замороженные
Печенье, сладости
Туалетная бумага, бытовая
Аккумуляторы, Другое
ананас, фрукт
Шпинат, овощи
Кола, напитки
Молоко, молочные продукты
Круассан, выпечка
Братвурст, мясо и колбаса
Замороженный картофель фри, замороженный
Жевательная резинка, конфеты
Кухонные полотенца, бытовые
Зажигалка, Другое
Апельсин, фрукт
Салат, овощи
Чай, напитки
Молоко, молочные продукты
Багет, выпечка
Венская колбаса, мясо и колбаса
Мороженое, замороженное
Шоколад, кондитерские изделия
мусорные мешки, бытовые
Аккумуляторы, Другое
ананас, фрукт
огурец, овощи
Холодный чай, напитки
Молоко, молочные продукты
Круассан, выпечка
Салями, мясо и колбаса
Замороженная пицца
Шоколад, кондитерские изделия
мусорные мешки, бытовые
Зажигалка, Другое
Киви
помидор, овощи
Холодный чай, напитки
Масло, молочные продукты
Круассан, выпечка
Венская колбаса, мясо и колбаса
Замороженные овощи, замороженные
Шоколад, конфеты
мусорные мешки, бытовые
Свечи, Другое
персик, фрукт
Салат, овощи
Апельсиновый сок, напитки
Масло, молочные продукты
Багет, выпечка
Братвурст, мясо и колбаса
Замороженные овощи, замороженные
Шоколад, кондитерские изделия
Средство для мытья посуды, бытовое
Алюминиевая фольга, прочее
яблоко, фрукт
Салат, овощи
Кола, напитки
Сливки, молочные продукты
Крендельки, выпечка
Ветчина, мясо и колбаса
Замороженный картофель фри, замороженный
Мармеладки, конфеты
мусорные мешки, бытовые
Свечи, Другое
груша, фрукт
Брокколи, овощи
Холодный чай, напитки
Сливки, молочные продукты
Хлеб, выпечка
Куриная грудка, мясо и колбаса
Замороженные овощи, замороженные
Мармеладки, конфеты
Средство для мытья посуды, бытовое
Аккумуляторы, Другое
груша, фрукт
Шпинат, овощи
Чай, напитки
Молоко, молочные продукты
Торты, выпечка
Ветчина, мясо и колбаса
Мороженое, замороженное
Жевательная резинка, конфеты
Кухонные полотенца, бытовые
Алюминиевая фольга, прочее
яблоко, фрукт
Брокколи, овощи
Яблочный сок, напитки
Сливочный сыр, молочные продукты
Круассан, выпечка
Братвурст, мясо и колбаса
Мороженое, замороженное
Шоколад, кондитерские изделия
Туалетная бумага, бытовая
Аккумуляторы, Другое
персик, фрукт
Салат, овощи
Яблочный сок, напитки
Творог, молочные продукты
Круассан, выпечка
Мясной фарш, мясо и колбаса
Замороженные рыбные палочки
Печенье, сладости
Средство для мытья посуды, бытовое
Зажигалка, Другое
Лимон, фрукты
цуккини, овощи
Молоко, напитки
Масло, молочные продукты
Круассан, выпечка
Ветчина, мясо и колбаса
Замороженные овощи, замороженные
Шоколад, кондитерские изделия
мусорные мешки, бытовые
Аккумуляторы, Другое
Киви
перец, овощи
Пиво, напитки
Масло, молочные продукты
Тосты, выпечка
Куриная грудка, мясо и колбаса
Замороженная пицца
Мармеладки, конфеты
Средство для мытья посуды, бытовое
Зажигалка, Другое
персик, фрукт
цуккини, овощи
Вино, напитки
Молоко, молочные продукты
Круассан, выпечка
Куриная грудка, мясо и колбаса
Замороженные ягоды, замороженные
Мармеладки, конфеты
Средство для мытья посуды, бытовое
Аккумуляторы, Другое
персик, фрукт
помидор, овощи
Яблочный сок, напитки
Сливки, молочные продукты
Круассан, выпечка
Мясной фарш, мясо и колбаса
Мороженое, замороженное
Мармеладки, конфеты
Моющее средство, бытовое
Свечи, Другое
ананас, фрукт
огурец, овощи
Яблочный сок, напитки
Пахта, молочные продукты
Багет, выпечка
Салями, мясо и колбаса
Мороженое, замороженное
Шоколад, кондитерские изделия
Средство для мытья посуды, бытовое
Аккумуляторы, Другое
Стаття, Категорія
яблуко, фрукт
цибуля, овочі
Яблучний сік, напої
Вершки, молочні продукти
Торти, випічка
Ліверна ковбаса, м'ясо та ковбаса
Морозиво, заморожене
Цукерки, солодощі
Мийний засіб, побутовий
Лампочка, Інше
Манго, фрукти
кабачки, овочі
Яблучний сік, напої
Вершкове масло, молочні продукти
Хліб, хлібобулочні вироби
Фарш, м'ясо та ковбаса
Заморожена піца
Жувальна гумка, цукерки
Засіб для миття посуду, побутовий
Батарейки, Інше
виноград, фрукти
Морква, овочі
Молоко, напої
Кварк, молочні продукти
Тости, випічка
Салямі, м'ясо та ковбаса
Морозиво, заморожене
Шоколад, кондитерські вироби
Кухонні рулони, побутові
Свічки, Інше
ананас, фрукти
Часник, овочі
Яблучний сік, напої
Вершкове масло, молочні продукти
Багет, випічка
Братвурст, м'ясо та ковбаса
Заморожені рибні палички
Жувальні цукерки, солодощі
Туалетний папір, побутовий
Алюмінієва фольга, інше
виноград, фрукти
Шпинат, овочі
Вино, напої
Пахта, молочні продукти
Круасан, випічка
Братвурст, м'ясо та ковбаса
Заморожені овочі, заморожені
Шоколад, цукерки
Туалетний папір, побутовий
Батарейки, Інше
ананас, фрукти
Шпинат, овочі
Кава, напої
Вершкове масло, молочні продукти
Кренделі, випічка
Відерце, м'ясо та ковбаса
Заморожені овочі, заморожені
Жувальні цукерки, солодощі
сміттєві пакети, побутові
Батарейки, Інше
виноград, фрукти
помідори, овочі
Чай, напої
Сир, молочні продукти
Кренделі, випічка
Салямі, м'ясо та ковбаса
Морозиво, заморожене
Жувальні цукерки, солодощі
Мийний засіб, побутовий
Свічки, Інше
виноград, фрукти
Часник, овочі
Кола, напої
Молоко, молочні продукти
Торти, випічка
Фарш, м'ясо та ковбаса
Морозиво, заморожене
Шоколад, цукерки
Туалетний папір, побутовий
Свічки, Інше
яблуко, фрукт
Морква, овочі
Яблучний сік, напої
Молоко, молочні продукти
Тости, випічка
Шинка, м'ясо та ковбаса
Заморожені ягоди, заморожені
Жувальна гумка, цукерки
сміттєві пакети, побутові
Батарейки, Інше
Лимон, фрукти
перець, овочі
Кава, напої
Йогурт, молочні продукти
булочки, випічка
Братвурст, м'ясо та ковбаса
Морозиво, заморожене
Шоколад, цукерки
Кухонні рулони, побутові
Алюмінієва фольга, інше
Апельсин, фрукт
перець, овочі
Апельсиновий сік, напої
Вершки, молочні продукти
Кренделі, випічка
Фарш, м'ясо та ковбаса
Заморожена картопля фрі, заморожена
Цукерки, солодощі
сміттєві пакети, побутові
Алюмінієва фольга, інше
яблуко, фрукт
Часник, овочі
Молоко, напої
Молоко, молочні продукти
булочки, випічка
Братвурст, м'ясо та ковбаса
Морозиво, заморожене
Жувальна гумка, цукерки
Засіб для миття посуду, побутовий
Запальничка, Інше
Апельсин, фрукт
Салат, овочі
Пиво, напої
Вершкове масло, молочні продукти
булочки, випічка
Фарш, м'ясо та ковбаса
Заморожена картопля фрі, заморожена
Печиво, солодощі
Мийний засіб, побутовий
Алюмінієва фольга, інше
яблуко, фрукт
Морква, овочі
Мінеральна вода, напої
Вершки, молочні продукти
Хліб, хлібобулочні вироби
Салямі, м'ясо та ковбаса
Заморожені овочі, заморожені
Шоколад, цукерки
Засіб для миття посуду, побутовий
Лампочка, Інше
банан, фрукт
цибуля, овочі
Молоко, напої
Вершкове масло, молочні продукти
Кренделі, випічка
Ліверна ковбаса, м'ясо та ковбаса
Заморожена піца
Жувальні цукерки, солодощі
Мийний засіб, побутовий
Запальничка, Інше
Ківі, фрукт
кабачки, овочі
Апельсиновий сік, напої
Вершковий сир, молочні продукти
Хліб, хлібобулочні вироби
Ліверна ковбаса, м'ясо та ковбаса
Заморожені овочі, заморожені
Жувальні цукерки, солодощі
Туалетний папір, побутовий
Лампочка, Інше
персик, фрукт
кабачки, овочі
Вино, напої
Вершки, молочні продукти
Круасан, випічка
Фарш, м'ясо та ковбаса
Заморожені рибні палички
Шоколад, кондитерські вироби
Засіб для миття посуду, побутовий
Алюмінієва фольга, інше
ананас, фрукти
Салат, овочі
Яблучний сік, напої
Сир, молочні продукти
Тости, випічка
Салямі, м'ясо та ковбаса
Заморожена картопля фрі, заморожена
Жувальні цукерки, солодощі
Кухонні рулони, побутові
Алюмінієва фольга, інше
Манго, фрукти
Салат, овочі
Кола, напої
Вершки, молочні продукти
булочки, випічка
Ліверна ковбаса, м'ясо та ковбаса
Заморожені ягоди, заморожені
Жувальна гумка, цукерки
сміттєві пакети, побутові
Батарейки, Інше
Апельсин, фрукт
Броколі, овочі
Молоко, напої
Вершкове масло, молочні продукти
булочки, випічка
Ліверна ковбаса, м'ясо та ковбаса
Заморожені рибні палички
Шоколад, кондитерські вироби
Туалетний папір, побутовий
Батарейки, Інше
ананас, фрукти
Салат, овочі
Холодний чай, напої
Вершкове масло, молочні продукти
Торти, випічка
Відерце, м'ясо та ковбаса
Заморожені рибні палички
Печиво, солодощі
Мийний засіб, побутовий
Алюмінієва фольга, інше
банан, фрукт
Морква, овочі
Молоко, напої
Сир, молочні продукти
Хліб, хлібобулочні вироби
Салямі, м'ясо та ковбаса
Заморожені ягоди, заморожені
Печиво, солодощі
Кухонні рулони, побутові
Свічки, Інше
груша, фрукт
помідори, овочі
Молоко, напої
Вершкове масло, молочні продукти
Торти, випічка
Ліверна ковбаса, м'ясо та ковбаса
Морозиво, заморожене
Печиво, солодощі
сміттєві пакети, побутові
Алюмінієва фольга, інше
Ківі, фрукт
Морква, овочі
Пиво, напої
Вершкове масло, молочні продукти
Тости, випічка
Ліверна ковбаса, м'ясо та ковбаса
Морозиво, заморожене
Жувальні цукерки, солодощі
Туалетний папір, побутовий
Алюмінієва фольга, інше
банан, фрукт
огірок, овочі
Апельсиновий сік, напої
Вершковий сир, молочні продукти
Торти, випічка
Братвурст, м'ясо та ковбаса
Заморожена піца
Печиво, солодощі
Туалетний папір, побутовий
Свічки, Інше
Лимон, фрукти
Часник, овочі
Вино, напої
Молоко, молочні продукти
Торти, випічка
Шинка, м'ясо та ковбаса
Заморожена піца
Жувальні цукерки, солодощі
Туалетний папір, побутовий
Батарейки, Інше
Манго, фрукти
перець, овочі
Вино, напої
Вершковий сир, молочні продукти
Торти, випічка
Братвурст, м'ясо та ковбаса
K-Овочі, заморожені
Печиво, солодощі
Туалетний папір, побутовий
Батарейки, Інше
ананас, фрукти
Шпинат, овочі
Кола, напої
Молоко, молочні продукти
Круасан, випічка
Братвурст, м'ясо та ковбаса
Заморожена картопля фрі, заморожена
Жувальна гумка, цукерки
Кухонні рулони, побутові
Запальничка, Інше
Апельсин, фрукт
Салат, овочі
Чай, напої
Молоко, молочні продукти
Багет, випічка
Відерце, м'ясо та ковбаса
Морозиво, заморожене
Шоколад, кондитерські вироби
сміттєві пакети, побутові
Батарейки, Інше
ананас, фрукти
огірок, овочі
Холодний чай, напої
Молоко, молочні продукти
Круасан, випічка
Салямі, м'ясо та ковбаса
Заморожена піца
Шоколад, кондитерські вироби
сміттєві пакети, побутові
Запальничка, Інше
Ківі, фрукт
помідори, овочі
Холодний чай, напої
Вершкове масло, молочні продукти
Круасан, випічка
Відерце, м'ясо та ковбаса
Заморожені овочі, заморожені
Шоколад, цукерки
сміттєві пакети, побутові
Свічки, Інше
персик, фрукт
Салат, овочі
Апельсиновий сік, напої
Вершкове масло, молочні продукти
Багет, випічка
Братвурст, м'ясо та ковбаса
Заморожені овочі, заморожені
Шоколад, кондитерські вироби
Засіб для миття посуду, побутовий
Алюмінієва фольга, інше
яблуко, фрукт
Салат, овочі
Кола, напої
Вершки, молочні продукти
Кренделі, випічка
Шинка, м'ясо та ковбаса
Заморожена картопля фрі, заморожена
Жувальні цукерки, солодощі
сміттєві пакети, побутові
Свічки, Інше
груша, фрукт
Броколі, овочі
Холодний чай, напої
Вершки, молочні продукти
Хліб, хлібобулочні вироби
Куряча грудка, м'ясо та ковбаса
Заморожені овочі, заморожені
Жувальні цукерки, солодощі
Засіб для миття посуду, побутовий
Батарейки, Інше
груша, фрукт
Шпинат, овочі
Чай, напої
Молоко, молочні продукти
Торти, випічка
Шинка, м'ясо та ковбаса
Морозиво, заморожене
Жувальна гумка, цукерки
Кухонні рулони, побутові
Алюмінієва фольга, інше
яблуко, фрукт
Броколі, овочі
Яблучний сік, напої
Вершковий сир, молочні продукти
Круасан, випічка
Братвурст, м'ясо та ковбаса
Морозиво, заморожене
Шоколад, кондитерські вироби
Туалетний папір, побутовий
Батарейки, Інше
персик, фрукт
Салат, овочі
Яблучний сік, напої
Кварк, молочні продукти
Круасан, випічка
Фарш, м'ясо та ковбаса
Заморожені рибні палички
Печиво, солодощі
Засіб для миття посуду, побутовий
Запальничка, Інше
Лимон, фрукти
кабачки, овочі
Молоко, напої
Вершкове масло, молочні продукти
Круасан, випічка
Шинка, м'ясо та ковбаса
Заморожені овочі, заморожені
Шоколад, кондитерські вироби
сміттєві пакети, побутові
Батарейки, Інше
Ківі, фрукт
перець, овочі
Пиво, напої
Вершкове масло, молочні продукти
Тости, випічка
Куряча грудка, м'ясо та ковбаса
Заморожена піца
Жувальні цукерки, солодощі
Засіб для миття посуду, побутовий
Запальничка, Інше
персик, фрукт
кабачки, овочі
Вино, напої
Молоко, молочні продукти
Круасан, випічка
Куряча грудка, м'ясо та ковбаса
Заморожені ягоди, заморожені
Жувальні цукерки, солодощі
Засіб для миття посуду, побутовий
Батарейки, Інше
персик, фрукт
помідори, овочі
Яблучний сік, напої
Вершки, молочні продукти
Круасан, випічка
Фарш, м'ясо та ковбаса
Морозиво, заморожене
Жувальні цукерки, солодощі
Мийний засіб, побутовий
Свічки, Інше
ананас, фрукти
огірок, овочі
Яблучний сік, напої
Пахта, молочні продукти
Багет, випічка
Салямі, м'ясо та ковбаса
Морозиво, заморожене
Шоколад, кондитерські вироби
Засіб для миття посуду, побутовий
Батарейки, Інше